chromosome	bucket_number	min	max	sum	freq
0	11	175420000	175740000	11	0.02391304347826087
1	31	32580000	33340000	8	0.017391304347826087
5	125	168300000	168580000	21	0.04565217391304348
6	130	29200000	29520000	5	0.010869565217391304
7	144	2340000	2580000	10	0.021739130434782608
10	190	134340000	134700000	12	0.02608695652173913
11	200	114220000	114540000	5	0.010869565217391304
13	204	43820000	44240000	5	0.010869565217391304
14	210	32020000	32420000	14	0.030434782608695653
14	211	32020000	32500000	5	0.010869565217391304
18	254	52260000	52620000	6	0.013043478260869565
21	267	22280000	22560000	23	0.05
22	277	6420000	8120000	6	0.013043478260869565
