chromosome	bucket_number	min	max	sum	freq
0	23	175420000	175760000	10	0.016366612111292964
5	150	168300000	168600000	29	0.04746317512274959
7	178	2340000	2580000	14	0.022913256955810146
7	187	43400000	47060000	7	0.011456628477905073
10	255	134320000	134700000	19	0.031096563011456628
14	299	32020000	32420000	7	0.011456628477905073
21	362	22300000	22580000	15	0.024549918166939442
22	372	6460000	8140000	7	0.011456628477905073
22	418	140300000	140740000	8	0.01309328968903437
